{
    "L": 64,
    "Du": 0.2,
    "Dv": 0.1,
    "F": 0.02,
    "k": 0.048,
    "dt": 1.0,
    "plotgap": 10,
    "steps": 1000,
    "noise": 0.1,
    "output": "gs-1MPI-1GPU-64L-F32.bp",
    "checkpoint": false,
    "checkpoint_freq": 700,
    "checkpoint_output": "ckpt.bp",
    "restart": false,
    "restart_input": "ckpt.bp",
    "adios_config": "adios2.xml",
    "adios_span": false,
    "adios_memory_selection": false,
    "mesh_type": "image",
    "precision": "Float32",
    "backend": "CUDA"
}